Designer,DesignerProfile,ProjectTitle,ProjectURL,Category,VisualStyle,MainDeliverables,ImageCount,ImageRatioSummary,EstimatedQuality,StorytellingQuality,ClientFit,ProposedAction,Notes
Thang Mai,https://www.behance.net/kirithangmai,[GRADUATED PROJECT] - CHỢ DU HÍ,https://www.behance.net/gallery/233123681/GRADUATED-PROJECT-CH-DU-HI,Branding / Brand Identity,Editorial / Conceptual,Brand identity system / Collateral / Packaging,TBD,Landscape,High,Medium,High,Consider,High views (2.8K) — likely strong graduate project with cohesive system
Thang Mai,https://www.behance.net/kirithangmai,[REBRANDING] - SÂN KHẤU KỊCH HOÀNG THÁI THANH,https://www.behance.net/gallery/120581809/REBRANDING-SAN-KHU-KCH-HOANG-THAI-THANH,Branding / Rebranding,Premium / Cultural,Logo / Identity / Collateral / Guidelines,TBD,Landscape,High,High,High,Select,Top performer: 425 appreciations / 5.8K views — strong cultural rebranding case
Thang Mai,https://www.behance.net/kirithangmai,EVENT PROJECT | Honda UNITOUR 2023,https://www.behance.net/gallery/195111541/EVENT-PROJECT-Honda-UNITOUR-2023,Event / Key Visual,Bold / Branded,Key visual / Stage design / Event collaterals,TBD,Landscape,Medium-High,Medium,High,Consider,Corporate event — good for B2B client showcase
Thang Mai,https://www.behance.net/kirithangmai,EVENT PROJECT | SHISEIDO RETAILER MEETING 2025,https://www.behance.net/gallery/222068525/EVENT-PROJECT-SHISEIDO-RETAILER-MEETING-2025,Event / Key Visual,Elegant / Premium,Key visual / Backdrop / Event materials,TBD,Landscape,Medium-High,Medium,High,Consider,Beauty/luxury client event — premium feel
Thang Mai,https://www.behance.net/kirithangmai,KEY VISUAL | GLADIA KHANG ĐIỀN,https://www.behance.net/gallery/222068381/KEY-VISUAL-GLADIA-KHANG-DIN,Key Visual / Real Estate,Modern / Minimal,Key visual / Poster / Digital banner,TBD,Landscape,Medium,Medium,Medium,Hold,Real estate KV — may overlap with other KV projects
Thang Mai,https://www.behance.net/kirithangmai,KEYVISUAL | RUBY BEER,https://www.behance.net/gallery/218350069/KEYVISUAL-RUBY-BEER,Key Visual / Beverage,Bold / Vibrant,Key visual / Packaging mockup / Social assets,TBD,Landscape,Medium,Medium,Medium,Consider,F&B beverage KV — visual could be strong
Thang Mai,https://www.behance.net/kirithangmai,LAVIE | DESIGN COLLECTION,https://www.behance.net/gallery/218351489/LAVIE-DESIGN-COLLECTION,Social Media / Digital Design,Clean / Lifestyle,Social posts / Digital ads / Mini-campaign,TBD,Landscape,Medium,Medium,Medium,Consider,Big-name client (Lavie) — strong client-fit
Thang Mai,https://www.behance.net/kirithangmai,KITKAT | DESIGN COLLECTION,https://www.behance.net/gallery/218351047/KITKAT-DESIGN-COLLECTION,Social Media / Digital Design,Playful / Branded,Social posts / Digital content / KV variations,TBD,Landscape,Medium,Medium,High,Consider,Global FMCG client — excellent client credibility
Thang Mai,https://www.behance.net/kirithangmai,MILO | DESIGN COLLECTION,https://www.behance.net/gallery/218350483/MILO-DESIGN-COLLECTION,Social Media / Digital Design,Energetic / Youth,Social posts / Digital assets / Campaign adaptations,TBD,Landscape,Medium,Medium,High,Consider,Another global FMCG client — reinforces social/digital capability
Thang Mai,https://www.behance.net/kirithangmai,DIGITAL | DESIGN COLLECTION,https://www.behance.net/gallery/218352905/DIGITAL-DESIGN-COLLECTION,Digital Design,Varied / Modern,Digital banners / Social content / Online assets,TBD,Landscape,Medium,Medium,Medium,Hold,Generic collection — may duplicate Lavie/KitKat/Milo
Thang Mai,https://www.behance.net/kirithangmai,POSM | DESIGN COLLECTION,https://www.behance.net/gallery/218352287/POSM-DESIGN-COLLECTION,POSM / Retail,Varied / Retail-focused,Display / Standee / Shelf talker / Retail materials,TBD,Landscape,Medium,Medium,Medium,Hold,Generic POSM collection — overlap with specific POSM projects
Thang Mai,https://www.behance.net/kirithangmai,BRANDING | LONG HẢI - PATE CHO CHÓ MÈO,https://www.behance.net/gallery/222069141/BRANDING-LONG-HI-PATE-CHO-CHO-MEO,Branding / Packaging,Warm / Approachable,Logo / Packaging / Brand collateral,TBD,Landscape,Medium-High,Medium,High,Select,Pet food branding — distinct category + good client-fit
Trần Bảo,https://www.behance.net/ipad_19989bcd,PORTFOLIO 2023,https://www.behance.net/gallery/184776251/PORTFOLIO-2023,Portfolio / Mixed,Varied,Collection of best works across categories,TBD,Mixed,Medium,Medium,Medium,Reject,Portfolio-of-portfolios does not add client-facing value; overlaps individual projects
Trần Bảo,https://www.behance.net/ipad_19989bcd,SOCIAL MEDIA FOR ON DIGITALS (2022),https://www.behance.net/gallery/151605013/SOCIAL-MEDIA-FOR-ON-DIGITALS-(2022),Social Media,Clean / Tech,Social media posts / Templates / Digital content,TBD,Landscape,Medium,Medium,Medium,Consider,Agency social work — decent but not outstanding
Trần Bảo,https://www.behance.net/ipad_19989bcd,MV VÁY HOA NHÍ (2020),https://www.behance.net/gallery/147869697/MV-VAY-HOA-NHI-(2020),Motion / Music Video,Stylized / Narrative,Motion graphics / Lyric video / Visual effects,TBD,Landscape,Medium,Medium,Low-Medium,Hold,Entertainment project — less aligned with corporate client portfolio
Trần Bảo,https://www.behance.net/ipad_19989bcd,CARTOON NETWORK INTRO 2021 (SUMMER VERSION),https://www.behance.net/gallery/124284951/CARTOON-NETWORK-INTRO-2021-(SUMMER-VERSION),Motion / Animation,Playful / Broadcast,Animated intro / Motion graphics / Styleframes,TBD,Landscape,Medium-High,Medium,Medium,Consider,Strong motion capability demo — notable client (Cartoon Network)
Trần Bảo,https://www.behance.net/ipad_19989bcd,MTV INTRO (2019),https://www.behance.net/gallery/124094707/MTV-INTRO-(2019),Motion / Animation,Bold / Broadcast,Channel intro / Motion graphics / Sound-driven visuals,TBD,Landscape,Medium,Medium,Medium,Hold,Similar capability to Cartoon Network intro; choose the stronger one
Trần Bảo,https://www.behance.net/ipad_19989bcd,HUXLEY & NEW BALANCE (2019),https://www.behance.net/gallery/133136257/HUXLEY-NEW-BALANCE-(2019),Graphic Design / Illustration,Editorial / Lifestyle,Poster / Illustration / Brand collaboration,TBD,Landscape,Medium,Medium,Medium,Hold,Fashion/illustration project — not core to team positioning
Trần Bảo,https://www.behance.net/ipad_19989bcd,FJALLRAVEN KANKEN (2019),https://www.behance.net/gallery/132711379/FJALLRAVEN-KANKEN-(2019),Graphic Design / Illustration,Editorial / Outdoor,Poster / Illustration / Campaign visual,TBD,Landscape,Medium,Medium,Medium,Hold,Similar to Huxley/New Balance — overlaps illustration capability
Trần Bảo,https://www.behance.net/gallery/131639673/PNK,P!NK,https://www.behance.net/gallery/131639673/PNK,Graphic Design / Illustration,Edgy / Music,Poster / Illustration / Typography,TBD,Landscape,Medium,Medium,Low-Medium,Hold,Music/entertainment focus — less client-facing
Trần Bảo,https://www.behance.net/ipad_19989bcd,HOBGOBLIN,https://www.behance.net/gallery/129417345/HOBGOBLIN,Graphic Design / Illustration,Dark / Character,Poster / Illustration / Character design,TBD,Portrait,Medium,Medium,Low,Reject,Entertainment/character style — not aligned with commercial client portfolio
Trần Bảo,https://www.behance.net/ipad_19989bcd,MEIKO'S COSMETICS (2018),https://www.behance.net/gallery/129210387/MEIKOS-COSMETICS-(2018),Branding / Packaging,Elegant / Beauty,Logo / Packaging / Brand collateral,TBD,Landscape,Medium,Medium,High,Select,Beauty/packaging — strong client-fit and distinct from Thang Mai's work
Trần Bảo,https://www.behance.net/ipad_19989bcd,HUÉ CUISINE (2018),https://www.behance.net/gallery/128929041/HUE-CUISINE-(2018),Branding / Packaging / F&B,Premium / Cultural,Brand identity / Packaging / Menu / Collateral,TBD,Landscape,Medium-High,High,High,Select,Strong engagement (9 appreciations / 534 views) — excellent F&B branding case
Trần Bảo,https://www.behance.net/ipad_19989bcd,ILLUSTRATION FOR HELLO STRANGER COFFEE (2019),https://www.behance.net/gallery/125534977/ILLUSTRATION-FOR-HELLO-STRANGER-COFFEE-(2019),Illustration / Branding,Artisan / Hand-drawn,Illustration / Packaging / Mural / Coffee branding,TBD,Landscape,Medium,Medium,Medium,Consider,Coffee/F&B illustration — could support brand storytelling
Duy Phong,https://www.behance.net/duyphong6,Portfolio Graphic Design,https://www.behance.net/gallery/139888111/Portfolio-Graphic-Design,Portfolio / Mixed,Varied,Portfolio collection of graphic design works,TBD,Mixed,Medium,Medium,Medium,Reject,Portfolio collection — not a single client-facing project; overlaps other works
Ploy Diep,https://www.behance.net/vylan,POSM MƠ NƯỚNG,https://www.behance.net/gallery/250872779/POSM-MO-NUNG,POSM / F&B,Vibrant / Appetizing,POSM materials / Standee / Menu / Retail displays,TBD,Portrait,Medium-High,Medium,High,Select,Strong F&B POSM — shows retail capability
Ploy Diep,https://www.behance.net/vylan,SOCIAL MEDIA MƠ NƯỚNG,https://www.behance.net/gallery/250731191/SOCIAL-MEDIA-MO-NUNG,Social Media / F&B,Vibrant / Appetizing,Social posts / Feed design / Content templates,TBD,Landscape,Medium-High,Medium,High,Select,Complements POSM project — same client shows integrated campaign
Ploy Diep,https://www.behance.net/vylan,TAKAHIRO COPORATION DESIGN,https://www.behance.net/gallery/236462703/TAKAHIRO-COPORATION-DESIGN,Branding / Corporate,Professional / Corporate,Logo / Brand identity / Corporate profile / Stationery,TBD,Landscape,Medium-High,Medium,High,Select,Corporate branding — excellent B2B client-fit
Ploy Diep,https://www.behance.net/vylan,Queen Ann Social Media,https://www.behance.net/gallery/209637853/Queen-Ann-Social-Media,Social Media / Lifestyle,Elegant / Feminine,Social posts / Feed design / Content calendar,TBD,Portrait,Medium-High,Medium,Medium,Consider,Lifestyle/social work — decent but overlaps Mơ Nướng social
Ploy Diep,https://www.behance.net/vylan,Momiji Restuarant - Social Media - POSM,https://www.behance.net/gallery/187112943/Momiji-Restuarant-Social-Media-POSM,Social Media / POSM / F&B,Japanese / Premium,Social posts / Menu / POSM / Brand materials,TBD,Landscape,Medium-High,Medium,High,Select,Integrated social + POSM for F&B — strong commercial case
Ploy Diep,https://www.behance.net/vylan,Social Media Khalil Lounge,https://www.behance.net/gallery/187478477/Social-Media-Khalil-Lounge,Social Media / F&B,Luxury / Lounge,Social posts / Feed design / Content,TBD,Landscape,Medium,Medium,Medium,Hold,Similar F&B social — choose strongest ones
Ploy Diep,https://www.behance.net/vylan,Media Post Food,https://www.behance.net/gallery/187510061/Media-Post-Food,Social Media / F&B,Varied / Appetizing,Social media posts / Food photography layouts,TBD,Landscape,Medium,Medium,Medium,Hold,Generic food social — overlaps Mơ Nướng and Momiji
Ploy Diep,https://www.behance.net/vylan,Media Post - Kim Cúc Jewelry,https://www.behance.net/gallery/187914033/Media-Post-Kim-Cuc-Jewelry,Social Media / Jewelry,Elegant / Luxury,Social posts / Jewelry layouts / Content,TBD,Portrait,Medium-High,Medium,Medium,Consider,Luxury jewelry — adds category diversity
Ploy Diep,https://www.behance.net/vylan,Social Media & POSM Công ty Nyna,https://www.behance.net/gallery/186937767/Social-Media-POSM-Cong-ty-Nyna,Social Media / POSM,Corporate / Clean,Social posts / POSM / Company profile materials,TBD,Portrait,Medium-High,Medium,High,Consider,Corporate social + POSM — strong B2B fit
Ploy Diep,https://www.behance.net/vylan,Media Post Ovvani,https://www.behance.net/gallery/187511547/Media-Post-Ovvani,Social Media / Lifestyle,Minimal / Lifestyle,Social posts / Product layouts / Content,TBD,Landscape,Medium,Medium,Medium,Hold,Similar lifestyle social — not distinctive enough
Ploy Diep,https://www.behance.net/vylan,FAMIGLIA PIZZA,https://www.behance.net/gallery/162463351/FAMIGLIA-PIZZA,Branding / F&B,Warm / Italian,Logo / Brand identity / Packaging / Menu,TBD,Landscape,Medium-High,Medium,High,Select,Strong F&B branding — distinct from other F&B projects
Ploy Diep,https://www.behance.net/vylan,Media Post - Phòng khám Dr. Lê Tiến,https://www.behance.net/gallery/187479943/Media-Post-Phong-kham-Dr-Le-Tin,Social Media / Medical,Clean / Trustworthy,Social posts / Clinic content / Medical design,TBD,Landscape,Low-Medium,Medium,Medium,Reject,Medical social — visual quality lower than others; limited commercial appeal
